Mouse ID,Timepoint,Tumor Volume (mm3),Metastatic Sites,Order
a203,0,45,0,1
a203,5,48.5084684,0,2
a203,10,51.8524372,1,3
a203,15,52.7778705,1,4
a203,20,55.17333648,1,5
a203,25,56.79320832,1,6
a203,30,59.52319728,1,7
a203,35,61.93165007,2,8
a203,40,63.59349002,2,9
a203,45,67.97341878,2,10
a251,0,45,0,11
a251,5,46.98212719,0,12
a251,10,48.59117901,1,13
a251,15,50.53445603,1,14
a251,20,54.46259376,1,15
a251,25,57.4146457,1,16
a251,30,59.86124129,1,17
a251,35,60.90388455,1,18
a251,40,63.09507565,1,19
a251,45,65.52574285,1,20
a262,0,45,0,21
a262,5,48.71756819,1,22
a262,10,49.59518129,1,23
a262,15,53.82797367,2,24
a262,20,57.01331331,2,25
a262,25,60.13186217,2,26
a262,30,64.95809178,3,27
a262,35,66.56196302,4,28
a262,40,69.59273198,4,29
a262,45,70.71762058,4,30
a275,0,45,0,31
a275,5,46.79525728,0,32
a275,10,47.37134328,0,33
a275,15,49.73440359,0,34
a275,20,50.51343652,1,35
a275,25,53.57606417,1,36
a275,30,54.44471317,2,37
a275,35,56.35353804,2,38
a275,40,60.92153868,3,39
a275,45,62.99935619,3,40
a366,0,45,0,41
a366,5,48.95136773,0,42
a366,10,53.52399007,0,43
a366,15,55.26558163,0,44
a366,20,57.28598742,0,45
a366,25,59.01172817,0,46
a366,30,63.44068627,1,47
a401,0,45,0,48
a401,5,46.11198591,0,49
a401,10,47.7259374,1,50
a401,15,49.93472542,1,51
a401,20,52.20451136,2,52
a401,25,54.20983551,3,53
a401,30,55.91016159,3,54
a401,35,60.34714467,3,55
a401,40,61.76860538,4,56
a401,45,66.79415599,4,57
a411,0,45,0,58
a411,5,45.46667714,0,59
a411,10,40.75978762,1,60
a411,15,41.48416885,1,61
a411,20,38.08737318,1,62
a411,25,38.7014384,1,63
a411,30,39.13073724,1,64
a411,35,39.71723589,1,65
a411,40,40.25881765,1,66
a411,45,38.4076183,1,67
a444,0,45,0,68
a444,5,44.00597487,0,69
a444,10,44.51255951,0,70
a444,15,43.00127957,0,71
a444,20,41.71461874,0,72
a444,25,42.29139437,0,73
a444,30,42.78627835,0,74
a444,35,41.73595083,0,75
a444,40,42.50492554,0,76
a444,45,43.0475426,0,77
a457,0,45,0,78
a457,5,47.462891,0,79
a457,10,49.78341894,0,80
a492,0,45,0,81
a492,5,46.40914339,0,82
a492,10,48.43219661,0,83
a492,15,51.9852629,0,84
a492,20,53.67719253,0,85
a492,25,54.70122868,1,86
a492,30,56.20104104,1,87
a492,35,57.30855379,1,88
a492,40,57.92849897,1,89
a492,45,60.12201052,1,90
a520,0,45,0,91
a520,5,38.72370695,0,92
a520,10,36.42938781,0,93
a520,15,35.590254,0,94
a520,20,35.94774514,0,95
a520,25,36.55858129,1,96
a520,30,36.94770981,1,97
a520,35,37.62471026,1,98
a520,40,38.25972497,1,99
a520,45,38.81036633,1,100
a577,0,45,0,101
a577,5,46.1977199,1,102
a577,10,49.5096389,1,103
a577,15,50.91500662,2,104
a577,20,52.36518457,2,105
a577,25,54.38093154,2,106
a577,30,57.03186187,2,107
a644,0,45,0,108
a644,5,45.55015754,0,109
a644,10,46.38071258,0,110
a644,15,46.91089166,0,111
a644,20,45.86506461,0,112
a644,25,41.48122408,0,113
a644,30,37.21112063,0,114
a644,35,35.12863083,0,115
a644,40,35.77945086,0,116
a644,45,32.97852192,1,117
a685,0,45,0,118
a685,5,46.87048256,0,119
a685,10,47.66475264,0,120
a685,15,48.95147442,0,121
a685,20,49.49055902,0,122
a685,25,51.93995092,0,123
a685,30,55.45385519,1,124
a685,35,58.09262925,1,125
a685,40,60.56790371,2,126
a685,45,66.08306589,3,127
a699,0,45,0,128
a699,5,46.55308986,0,129
a699,10,47.86737569,0,130
a699,15,49.53040137,0,131
a699,20,50.71242334,0,132
a699,25,51.84638147,0,133
a699,30,54.37934505,0,134
a699,35,56.51068234,1,135
a699,40,58.60544816,1,136
a699,45,62.19141437,1,137
a788,0,45,0,138
a788,5,47.00658024,0,139
a788,10,50.15972132,1,140
a788,15,52.53994926,1,141
a788,20,54.06098332,1,142
a788,25,56.7702803,1,143
a788,30,60.41370908,1,144
a818,0,45,0,145
a818,5,45.69670864,0,146
a818,10,49.79091948,0,147
a818,15,51.22756565,0,148
a818,20,54.8346245,0,149
a818,25,56.96627332,0,150
a818,30,60.07237198,0,151
a818,35,63.29854586,0,152
a818,40,69.27381374,1,153
a818,45,74.99776443,2,154
a897,0,45,0,155
a897,5,45.69112405,1,156
a897,10,47.97292708,1,157
a897,15,52.34308525,2,158
a897,20,54.59570541,3,159
a897,25,56.41331977,3,160
a897,30,59.91693443,3,161
a897,35,64.0528731,3,162
a897,40,67.21174279,4,163
a897,45,72.25596306,4,164
a963,0,45,0,165
a963,5,46.23350581,0,166
a963,10,47.15052201,0,167
a963,15,47.83685218,0,168
a963,20,51.46373448,0,169
a963,25,52.12980374,0,170
a963,30,53.40166738,1,171
a963,35,56.81397646,1,172
a963,40,58.46378685,1,173
a963,45,62.76509317,1,174
b128,0,45,0,175
b128,5,45.65133131,0,176
b128,10,43.2708519,0,177
b128,15,43.78489343,0,178
b128,20,42.731552,0,179
b128,25,43.26214483,1,180
b128,30,40.60533486,1,181
b128,35,37.96764437,1,182
b128,40,38.3797259,2,183
b128,45,38.98287774,2,184
b313,0,45,0,185
b313,5,47.15443254,0,186
b313,10,48.31937218,1,187
b313,15,49.18838735,1,188
b313,20,53.9796797,1,189
b313,25,55.74514628,1,190
b447,0,45,0,191
b487,0,45,0,192
b487,5,46.21397739,0,193
b487,10,47.6643871,0,194
b487,15,51.68325586,0,195
b487,20,53.42766344,0,196
b487,25,56.05774909,1,197
b559,0,45,0,198
b559,5,47.40989731,0,199
b559,10,48.03643202,0,200
b559,15,51.37886229,0,201
b559,20,55.65445572,1,202
b559,25,57.04366929,1,203
b559,30,61.19038663,1,204
b559,35,65.70576275,1,205
b559,40,69.96961645,1,206
b559,45,73.05136339,1,207
b742,0,45,0,208
b742,5,41.53409702,0,209
b742,10,41.99922813,0,210
b742,15,39.52484301,0,211
b742,20,37.95035546,0,212
b742,25,38.61768433,0,213
b742,30,39.1679495,0,214
b742,35,39.84757556,0,215
b742,40,38.2556274,0,216
b742,45,38.93963263,0,217
b759,0,45,0,218
b759,5,48.00919049,0,219
b759,10,49.13335499,0,220
b759,15,51.58779906,0,221
b759,20,54.44303502,0,222
b759,25,55.08363235,0,223
b759,30,55.74282869,1,224
b879,0,45,0,225
b879,5,49.15615628,1,226
b879,10,50.33894583,1,227
b879,15,51.61838657,1,228
b879,20,53.98343568,1,229
b879,25,56.46998744,2,230
b879,30,60.90761481,2,231
b879,35,64.26088633,2,232
b879,40,67.18912666,2,233
b879,45,72.55523894,2,234
c139,0,45,0,235
c139,5,48.75311208,0,236
c139,10,49.99295391,0,237
c139,15,51.8332246,0,238
c139,20,56.74200681,0,239
c139,25,61.46196976,0,240
c139,30,64.14987077,1,241
c139,35,67.82141969,1,242
c139,40,69.42814095,2,243
c139,45,72.2267309,2,244
c264,0,45,0,245
c264,5,45.79170389,0,246
c264,10,49.02659196,0,247
c264,15,53.66494165,1,248
c264,20,54.5681957,1,249
c264,25,56.96676876,2,250
c264,30,57.82391556,2,251
c264,35,61.07479506,2,252
c264,40,65.70832272,2,253
c264,45,67.94212107,2,254
c282,0,45,0,255
c282,5,45.72568973,0,256
c282,10,48.17950638,0,257
c282,15,49.26607873,0,258
c282,20,51.95057423,0,259
c282,25,56.29220039,1,260
c282,30,59.00590207,1,261
c282,35,59.88765475,1,262
c282,40,65.02179944,2,263
c282,45,65.81516535,2,264
c302,0,45,0,265
c302,5,47.69067986,1,266
c302,10,48.53356704,1,267
c302,15,52.71663459,2,268
c302,20,54.08090836,3,269
c302,25,55.07622853,3,270
c302,30,57.41974389,3,271
c302,35,62.23657157,3,272
c302,40,63.28107148,4,273
c302,45,64.57522157,4,274
c326,0,45,0,275
c326,5,36.3213458,0,276
c402,0,45,0,277
c402,5,49.3426301,1,278
c402,10,50.56689412,1,279
c402,15,52.23071944,1,280
c402,20,54.88332044,2,281
c402,25,58.26988853,2,282
c402,30,63.74319428,2,283
c402,35,65.8079627,2,284
c402,40,70.22229679,2,285
c402,45,74.04039018,3,286
c458,0,45,0,287
c458,5,45.72227949,0,288
c458,10,44.45437828,1,289
c458,15,45.10742313,2,290
c458,20,39.50513508,2,291
c458,25,37.75314964,2,292
c458,30,38.34200823,2,293
c559,0,45,0,294
c559,5,46.56263793,0,295
c559,10,47.29326012,0,296
c559,15,51.41490358,1,297
c559,20,52.60436695,2,298
c559,25,54.55544168,2,299
c559,30,57.14614388,2,300
c559,35,59.45504074,2,301
c559,40,60.86184431,3,302
c559,45,61.84005842,4,303
c580,0,45,0,304
c580,5,46.6284548,0,305
c580,10,47.57017382,1,306
c580,15,51.991708,1,307
c580,20,55.57532195,2,308
c580,25,56.28906231,2,309
c580,30,58.04656941,3,310
c757,0,45,0,311
c757,5,47.78327981,0,312
c757,10,49.21931669,0,313
c757,15,51.532603,0,314
c757,20,52.81863401,1,315
c757,25,57.10641821,2,316
c757,30,60.09857184,2,317
c757,35,64.29116351,2,318
c757,40,66.60436771,2,319
c757,45,69.04284082,3,320
c758,0,45,0,321
c758,5,45.5786783,0,322
c758,10,46.28799223,0,323
c758,15,46.94094512,1,324
c758,20,43.1263114,1,325
c758,25,43.6022673,1,326
c758,30,44.11827028,1,327
c758,35,37.80238546,1,328
c758,40,32.83318858,1,329
c758,45,33.39765251,1,330
c766,0,45,0,331
c766,5,47.31305537,0,332
c766,10,49.50027098,1,333
c766,15,50.59663325,2,334
c766,20,53.00686463,3,335
c766,25,58.21462437,3,336
c766,30,60.2559245,3,337
c766,35,65.95236791,4,338
c766,40,67.68529456,4,339
c766,45,69.82314577,4,340
c819,0,45,0,341
c819,5,45.76924864,1,342
c819,10,46.65839527,1,343
c819,15,48.37099912,1,344
c819,20,49.76241475,1,345
c819,25,51.82835706,1,346
c819,30,56.0989982,1,347
c819,35,57.72953466,1,348
c819,40,62.17570465,1,349
c832,0,45,0,350
c832,5,48.68546123,1,351
c832,10,49.81141262,1,352
c832,15,52.86453449,1,353
c832,20,56.71023353,1,354
c832,25,58.89181644,2,355
c832,30,60.49637579,2,356
c832,35,61.12448717,2,357
c832,40,62.57231816,2,358
c832,45,65.41595451,3,359
c895,0,45,0,360
c895,5,45.47754399,0,361
c895,10,49.77901542,0,362
c895,15,52.94946474,1,363
c895,20,53.6768396,2,364
c895,25,57.53419288,2,365
c895,30,60.96971133,2,366
c927,0,45,0,367
c927,5,46.35184205,0,368
c927,10,50.96529767,1,369
c927,15,53.26643087,1,370
c927,20,55.48168922,1,371
c927,25,56.54551947,2,372
c927,30,60.7539246,2,373
c927,35,61.87227365,3,374
c927,40,64.18322918,4,375
d133,0,45,0,376
d164,0,45,0,377
d164,5,46.61767061,0,378
d164,10,47.47464468,1,379
d251,0,45,0,380
d251,5,41.74635495,1,381
d251,10,42.43225791,1,382
d251,15,39.47278744,1,383
d251,20,37.65209085,1,384
d251,25,38.09751328,1,385
d251,30,38.71825638,2,386
d251,35,37.70852942,2,387
d251,40,38.26540379,2,388
d251,45,37.31123552,2,389
d474,0,45,0,390
d474,5,45.91835225,0,391
d474,10,46.97496297,0,392
d474,15,47.77793584,0,393
d474,20,51.73149416,0,394
d474,25,54.27932462,0,395
d474,30,55.34134157,0,396
d474,35,56.47911257,0,397
d474,40,60.23373278,1,398
e213,0,45,0,399
e213,5,45.69925018,1,400
e213,10,47.3915712,2,401
e213,15,51.7916953,2,402
e213,20,52.61376289,2,403
e213,25,55.22447615,2,404
e213,30,56.45872864,3,405
e213,35,58.24585435,3,406
e213,40,60.23654797,3,407
e213,45,63.1056963,4,408
e227,0,45,0,409
e227,5,47.23801112,0,410
e227,10,51.34975705,1,411
e227,15,52.83394196,1,412
e227,20,56.6075521,1,413
e227,25,60.60029169,1,414
e227,30,62.46438515,2,415
e227,35,66.94912136,3,416
e227,40,70.7152176,3,417
e227,45,73.21293851,3,418
e291,0,45,0,419
e291,5,46.14250486,0,420
e291,10,48.52974125,1,421
e291,15,49.3484262,1,422
e291,20,52.53376479,1,423
e291,25,55.1389525,2,424
e476,0,45,0,425
e476,5,47.11180113,0,426
e476,10,49.43168536,0,427
e476,15,54.04621267,0,428
e476,20,55.24927296,0,429
e476,25,57.408638,0,430
e476,30,57.99279743,1,431
e476,35,60.0643402,1,432
e476,40,61.52527583,1,433
e476,45,62.43540402,1,434
e584,0,45,0,435
e584,5,45.6569785,0,436
e584,10,47.25064148,0,437
e584,15,48.43041053,1,438
e584,20,50.34492095,2,439
e584,25,51.38641908,2,440
e584,30,54.98440767,3,441
e584,35,58.08655989,3,442
e584,40,62.81687083,4,443
e584,45,68.3597767,4,444
e662,0,45,0,445
e662,5,45.81628252,0,446
e662,10,46.40908385,0,447
e662,15,43.55377339,0,448
e662,20,44.0012958,0,449
e662,25,44.66459432,1,450
e662,30,45.35023242,1,451
e662,35,43.22027636,1,452
e662,40,44.00672385,2,453
e662,45,40.65900627,2,454
f129,0,45,0,455
f129,5,47.00059399,0,456
f129,10,48.17971908,1,457
f129,15,49.98830246,1,458
f234,0,45,0,459
f234,5,47.31349062,0,460
f234,10,47.90432375,0,461
f234,15,48.73519714,1,462
f234,20,51.11271293,2,463
f234,25,52.17860221,2,464
f234,30,56.87381654,2,465
f234,35,57.74875831,2,466
f278,0,45,0,467
f278,5,48.19457788,0,468
f345,0,45,0,469
f345,5,45.5911466,0,470
f345,10,47.22244619,0,471
f345,15,48.35223854,0,472
f345,20,49.61338303,0,473
f345,25,53.0788944,0,474
f345,30,54.36379731,1,475
f345,35,56.52332726,1,476
f345,40,58.3155925,1,477
f345,45,60.91876652,1,478
f394,0,45,0,479
f394,5,47.03309963,0,480
f436,0,45,0,481
f436,5,46.37079759,1,482
f436,10,48.14697758,2,483
f436,15,48.72207785,2,484
f545,0,45,0,485
f545,5,46.56581263,0,486
f545,10,51.07251225,0,487
f545,15,53.94554429,1,488
f545,20,58.84118888,1,489
f545,25,60.25348139,1,490
f545,30,65.89398607,1,491
f545,35,66.74292417,1,492
f545,40,71.10811835,1,493
f545,45,73.32443228,1,494
f932,0,45,0,495
f966,0,45,0,496
f966,5,38.79647373,0,497
f966,10,35.6244027,0,498
f966,15,32.62300253,0,499
f966,20,30.48598484,0,500
f993,0,45,0,501
f993,5,46.39575966,0,502
f993,10,48.18537323,0,503
f993,15,49.10697473,1,504
f993,20,52.07951009,1,505
g107,0,45,0,506
g107,5,48.79166496,0,507
g107,10,53.43598668,0,508
g107,15,58.13554485,0,509
g107,20,62.70603145,0,510
g107,25,64.66362579,0,511
g107,30,69.16051982,0,512
g107,35,71.90511721,0,513
g288,0,45,0,514
g288,5,45.83939976,0,515
g288,10,46.30400254,1,516
g288,15,42.17230079,1,517
g288,20,42.95712001,1,518
g288,25,42.36869239,1,519
g288,30,42.87446056,1,520
g288,35,38.95411458,1,521
g288,40,36.35685121,1,522
g288,45,37.07402422,1,523
g296,0,45,0,524
g296,5,46.59323337,0,525
g296,10,48.26950861,0,526
g296,15,49.65324404,1,527
g296,20,51.4471183,2,528
g296,25,55.6701066,3,529
g296,30,57.99770642,3,530
g296,35,60.38451978,4,531
g296,40,62.22191493,4,532
g296,45,68.16319517,4,533
g316,0,45,0,534
g316,5,44.02275246,0,535
g316,10,44.50204246,0,536
g316,15,45.21674299,0,537
g316,20,45.93332219,1,538
g316,25,46.80922469,1,539
g316,30,44.22147988,2,540
g316,35,44.70283296,2,541
g316,40,45.56582103,2,542
g316,45,40.1592203,2,543
g497,0,45,0,544
g497,5,48.78206878,0,545
g497,10,49.6470865,0,546
g497,15,53.64616804,1,547
g497,20,55.09699356,1,548
g497,25,57.52444611,2,549
g497,30,61.108186,2,550
g497,35,64.0948893,2,551
g497,40,67.74281406,2,552
g497,45,69.87225079,2,553
g558,0,45,0,554
g558,5,46.18874193,0,555
g558,10,50.09475382,0,556
g558,15,51.007258,0,557
g558,20,55.09009691,1,558
g558,25,55.75408257,2,559
g558,30,58.95282911,3,560
g558,35,60.86215883,4,561
g558,40,61.77496268,4,562
g570,0,45,0,563
g570,5,47.65642436,1,564
g570,10,49.18823167,1,565
g570,15,52.6826954,1,566
g570,20,54.64329541,1,567
g570,25,56.8494056,1,568
g570,30,60.32871705,1,569
g570,35,62.3304204,2,570
g570,40,68.52585616,2,571
g570,45,70.49278763,2,572
g791,0,45,0,573
g791,5,45.85153062,0,574
g791,10,40.17055848,0,575
g791,15,40.67812852,0,576
g791,20,41.211897,0,577
g791,25,35.56939935,1,578
g791,30,34.95258284,1,579
g791,35,30.96039194,1,580
g791,40,31.36940573,1,581
g791,45,29.12847181,1,582
g867,0,45,0,583
g867,5,46.88074916,0,584
g867,10,48.18340167,0,585
g867,15,51.06041924,1,586
g989,0,45,0,587
g989,0,45,0,588
g989,5,47.57039208,0,589
g989,5,48.78680146,0,590
g989,10,49.8805278,0,591
g989,10,51.74515613,0,592
g989,15,51.32585207,1,593
g989,15,53.44201976,0,594
g989,20,54.65765008,1,595
g989,20,55.32612202,1,596
g989,25,56.04556353,1,597
g989,30,59.08229394,1,598
g989,35,62.57087961,2,599
h246,0,45,0,600
h246,5,49.47041702,0,601
h246,10,51.36886216,1,602
h246,15,56.18432701,1,603
h246,20,57.93591218,1,604
h246,25,59.5488537,1,605
h246,30,63.59960954,1,606
h246,35,67.2112701,2,607
h246,40,71.15083468,2,608
h246,45,74.10408567,2,609
h333,0,45,0,610
h333,5,45.75172728,0,611
h333,10,46.23384414,1,612
h333,15,50.69260358,2,613
h333,20,51.99780618,2,614
h333,25,53.73091434,2,615
h333,30,55.45528975,2,616
h428,0,45,0,617
h531,0,45,0,618
h531,5,47.7846818,0,619
i177,0,45,0,620
i177,5,44.06539783,0,621
i177,10,41.02092924,0,622
i177,15,40.33093479,0,623
i177,20,35.34536136,0,624
i177,25,34.0821803,1,625
i177,30,34.71147302,1,626
i177,35,35.1521662,1,627
i177,40,35.55793279,2,628
i177,45,33.56240217,3,629
i334,0,45,0,630
i334,5,41.02051821,0,631
i334,10,41.63124731,0,632
i334,15,39.15800115,0,633
i334,20,39.6878317,0,634
i334,25,38.24881732,1,635
i334,30,39.00555435,1,636
i334,35,39.7695521,2,637
i334,40,40.44237037,2,638
i334,45,36.37451039,2,639
i386,0,45,0,640
i386,5,46.85369669,1,641
i386,10,49.86154739,2,642
i386,15,51.73656088,2,643
i386,20,55.08772445,2,644
i386,25,56.68786392,3,645
i386,30,59.13364029,3,646
i386,35,64.92542037,3,647
i386,40,67.28962147,4,648
i477,0,45,0,649
i477,5,46.65738471,0,650
i477,10,47.52063206,0,651
i557,0,45,0,652
i557,5,42.2616653,0,653
i557,10,42.99207658,0,654
i557,15,43.5298757,0,655
i557,20,43.96789516,0,656
i557,25,44.59621854,0,657
i557,30,45.26138381,0,658
i557,35,45.94194901,0,659
i557,40,46.82106972,1,660
i557,45,47.68596303,1,661
i635,0,45,0,662
i635,5,47.23593715,0,663
i635,10,48.68575605,1,664
i635,15,49.53689775,1,665
i635,20,51.87706189,1,666
i635,25,52.92882323,1,667
i635,30,53.5970382,2,668
i635,35,55.67999656,2,669
i635,40,56.84243514,3,670
i635,45,58.63340414,3,671
i669,0,45,0,672
i669,5,46.76466824,1,673
i669,10,48.2816334,1,674
i669,15,48.8576007,1,675
i669,20,50.87369027,1,676
i669,25,53.30318455,2,677
i738,0,45,0,678
i738,5,45.59568527,0,679
i738,10,43.42101414,0,680
i738,15,37.97877782,0,681
i738,20,38.53113634,0,682
i738,25,34.97343761,0,683
i738,30,35.57877987,1,684
i738,35,36.17595269,1,685
i738,40,36.84389799,2,686
i738,45,37.31184577,2,687
i901,0,45,0,688
i901,5,46.49302392,0,689
i901,10,50.42124982,0,690
i901,15,51.41964239,0,691
i901,20,55.97440502,0,692
i901,25,56.575195,0,693
i901,30,60.59185755,0,694
i901,35,62.12733561,0,695
i901,40,64.30345451,0,696
i901,45,65.34181087,0,697
j119,0,45,0,698
j119,5,45.83899787,0,699
j119,10,46.42536551,0,700
j119,15,47.32298428,0,701
j119,20,48.15820939,1,702
j119,25,42.41716589,1,703
j119,30,43.01368114,1,704
j119,35,43.76570537,1,705
j119,40,44.5850896,1,706
j119,45,38.1251644,1,707
j235,0,45,0,708
j235,5,46.58881978,0,709
j235,10,48.01878792,1,710
j235,15,51.16113815,1,711
j235,20,52.94290169,1,712
j246,0,45,0,713
j246,5,45.64143788,0,714
j246,10,46.4083613,0,715
j246,15,43.31265415,0,716
j246,20,44.02037009,0,717
j246,25,44.55522595,0,718
j246,30,38.04408202,1,719
j246,35,38.75326548,1,720
j296,0,45,0,721
j296,5,46.79925591,1,722
j296,10,48.52997762,2,723
j296,15,50.70127959,2,724
j296,20,54.00534209,3,725
j296,25,55.76714817,3,726
j296,30,56.80306121,3,727
j296,35,58.71448296,3,728
j296,40,60.07268848,3,729
j296,45,61.84902336,3,730
j365,0,45,0,731
j365,5,46.7112611,0,732
j365,10,48.34932028,0,733
j365,15,49.58826336,0,734
j365,20,50.93935278,1,735
j365,25,51.8103204,1,736
j365,30,54.40488176,1,737
j365,35,56.96120016,2,738
j365,40,62.32717066,2,739
j365,45,64.29408493,2,740
j755,0,45,0,741
j755,5,47.24284357,0,742
j755,10,48.16706083,0,743
j755,15,51.45397391,0,744
j755,20,55.49660753,1,745
j755,25,58.05581822,1,746
j755,30,60.00720978,1,747
j755,35,62.7328576,1,748
j755,40,67.2077103,1,749
j755,45,69.56362076,1,750
j913,0,45,0,751
j913,5,44.01490022,0,752
j913,10,44.49716216,0,753
j913,15,45.25253427,0,754
j913,20,42.16834132,0,755
j913,25,37.86066936,0,756
j913,30,34.75724046,0,757
j913,35,35.17014843,0,758
j913,40,31.00186078,1,759
j913,45,31.56046955,1,760
j984,0,45,0,761
j984,5,48.41072109,1,762
j984,10,50.14108401,1,763
j984,15,51.16675687,1,764
j984,20,54.37251567,1,765
j984,25,57.06435479,1,766
j984,30,61.24050573,1,767
j984,35,64.05539896,1,768
j984,40,67.77708036,1,769
j984,45,70.65383162,1,770
j989,0,45,0,771
j989,5,45.62071835,1,772
j989,10,46.34383237,1,773
j989,15,41.12835439,1,774
j989,20,41.63534426,1,775
j989,25,39.93411249,1,776
j989,30,34.67178107,1,777
j989,35,35.1155898,1,778
j989,40,35.50119014,1,779
j989,45,36.13485243,1,780
k210,0,45,0,781
k210,5,47.91899771,0,782
k210,10,49.37993231,0,783
k210,15,51.07355752,0,784
k210,20,51.99761855,0,785
k210,25,54.61397279,0,786
k210,30,59.98950976,1,787
k210,35,63.32933023,1,788
k210,40,66.62283628,2,789
k210,45,68.92318457,3,790
k382,0,45,0,791
k382,5,46.27499735,1,792
k382,10,50.18096763,1,793
k382,15,54.42916821,1,794
k382,20,57.82435071,2,795
k382,25,59.50390392,3,796
k382,30,63.46944155,4,797
k382,35,66.07918483,4,798
k382,40,67.42095521,4,799
k382,45,73.715619,4,800
k403,0,45,0,801
k403,5,38.82589807,0,802
k403,10,35.01427146,1,803
k403,15,34.22399174,1,804
k403,20,32.99772858,1,805
k403,25,33.46457735,1,806
k403,30,31.09949753,1,807
k403,35,26.54699343,1,808
k403,40,24.36550471,1,809
k403,45,22.05012627,1,810
k483,0,45,0,811
k483,5,46.61105571,0,812
k483,10,50.29604123,1,813
k483,15,53.24445813,1,814
k483,20,54.77896052,1,815
k483,25,57.43200731,2,816
k483,30,59.74707708,2,817
k483,35,60.54156159,2,818
k483,40,64.13872489,3,819
k483,45,66.19691151,3,820
k510,0,45,0,821
k510,5,46.6084671,0,822
k510,10,47.6582498,1,823
k510,15,49.6870517,1,824
k510,20,52.10557382,1,825
k603,0,45,0,826
k603,5,46.04211582,0,827
k603,10,46.60694676,0,828
k603,15,48.7752855,0,829
k603,20,50.18010935,0,830
k754,0,45,0,831
k754,5,45.7277604,0,832
k754,10,49.74611666,0,833
k754,15,51.32356994,0,834
k754,20,52.69342276,1,835
k804,0,45,0,836
k804,5,48.26620364,0,837
k804,10,49.47124419,0,838
k804,15,50.47761824,0,839
k804,20,54.48451945,0,840
k804,25,55.67480798,1,841
k804,30,59.24061511,2,842
k804,35,62.11727887,2,843
k862,0,45,0,844
k862,5,49.20305786,0,845
k862,10,50.52355007,1,846
k862,15,54.47453362,1,847
k862,20,57.05784818,1,848
k862,25,58.7192973,2,849
k862,30,60.60543979,3,850
k862,35,66.58072244,3,851
k862,40,67.57134128,4,852
k862,45,69.29914907,4,853
k894,0,45,0,854
k894,5,47.64568674,0,855
k894,10,49.27287011,1,856
k894,15,49.9877657,1,857
k894,20,50.98163936,1,858
k894,25,52.32583833,2,859
k894,30,54.40012279,3,860
k894,35,55.36266238,4,861
k894,40,58.64705616,4,862
k894,45,60.75270417,4,863
l215,0,45,0,864
l215,5,49.48194935,1,865
l215,10,53.6539696,1,866
l264,0,45,0,867
l264,5,46.66876646,0,868
l264,10,50.65958094,0,869
l471,0,45,0,870
l471,5,46.25187204,0,871
l471,10,48.18206306,0,872
l471,15,49.40687901,0,873
l471,20,52.22832698,0,874
l471,25,52.84755893,1,875
l471,30,58.09360446,1,876
l471,35,61.40599916,1,877
l471,40,63.84485785,1,878
l471,45,67.74866174,1,879
l490,0,45,0,880
l490,5,45.61253918,1,881
l490,10,47.25960594,1,882
l490,15,50.52481268,1,883
l490,20,51.90544699,1,884
l490,25,55.81003359,2,885
l490,30,57.91838132,3,886
l509,0,45,0,887
l509,5,45.85119285,0,888
l509,10,46.75907363,0,889
l509,15,47.48859931,1,890
l509,20,48.07045162,2,891
l509,25,44.00625702,2,892
l509,30,44.70805473,2,893
l509,35,40.2072885,2,894
l509,40,40.77081259,2,895
l509,45,41.48300765,3,896
l558,0,45,0,897
l558,5,45.80908882,0,898
l558,10,46.78453491,0,899
l661,0,45,0,900
l661,5,46.26879904,0,901
l661,10,49.68361956,0,902
l661,15,50.94754484,1,903
l661,20,52.61749003,1,904
l661,25,53.18065678,2,905
l661,30,55.32909936,2,906
l661,35,56.47412871,2,907
l661,40,59.20566876,3,908
l661,45,59.85195552,3,909
l700,0,45,0,910
l700,5,45.91837165,0,911
l700,10,47.01356652,1,912
l700,15,49.04022529,1,913
l700,20,50.73476811,1,914
l700,25,54.23450181,1,915
l700,30,56.653215,1,916
l700,35,61.46260354,1,917
l700,40,62.98667798,1,918
l700,45,63.94664044,1,919
l725,0,45,0,920
l725,5,48.73631881,1,921
l725,10,50.82391154,2,922
l725,15,54.24456268,2,923
l725,20,59.6151548,2,924
l725,25,65.00882889,2,925
l725,30,66.59954515,3,926
l725,35,69.12570173,3,927
l725,40,73.69349382,3,928
l725,45,76.66881742,3,929
l733,0,45,0,930
l733,5,46.17422627,0,931
l733,10,48.35495154,0,932
l733,15,49.28519504,0,933
l733,20,53.24431157,1,934
l733,25,54.95166826,1,935
l733,30,56.31906537,1,936
l733,35,57.60079774,1,937
l733,40,59.4435065,1,938
l733,45,64.29983003,1,939
l872,0,45,0,940
l897,0,45,0,941
l897,5,45.46224327,0,942
l897,10,46.15473721,0,943
l897,15,44.0615214,0,944
l897,20,44.81309343,0,945
l897,25,45.35467916,0,946
l897,30,39.35279201,1,947
l897,35,37.68276664,1,948
l897,40,38.34390154,1,949
l897,45,38.84687569,1,950
m133,0,45,0,951
m133,5,46.62130127,0,952
m133,10,47.50333803,0,953
m133,15,48.6652074,1,954
m133,20,52.63688249,1,955
m133,25,54.08243662,2,956
m269,0,45,0,957
m269,5,49.0111801,0,958
m269,10,50.86013006,0,959
m269,15,55.9053436,0,960
m269,20,61.14586638,0,961
m269,25,64.89301976,0,962
m269,30,67.71250988,1,963
m269,35,68.68991735,1,964
m269,40,70.21464419,1,965
m269,45,75.12368955,1,966
m331,0,45,0,967
m331,5,45.52301371,1,968
m331,10,47.64687735,1,969
m331,15,52.11008758,1,970
m546,0,45,0,971
m546,5,42.99887638,0,972
m546,10,43.74822357,0,973
m546,15,39.89743533,0,974
m546,20,36.71229535,0,975
m546,25,37.44444543,0,976
m546,30,37.96993365,0,977
m546,35,38.62753581,1,978
m546,40,35.1145752,1,979
m546,45,30.56462509,1,980
m550,0,45,0,981
m550,5,49.05409736,1,982
m550,10,50.54803457,2,983
m550,15,51.16606544,3,984
m550,20,53.75794476,3,985
m550,25,57.62068237,4,986
m550,30,60.85654272,4,987
m550,35,62.53915386,4,988
m550,40,68.21072019,4,989
m550,45,69.25350312,4,990
m601,0,45,0,991
m601,5,41.40859145,1,992
m601,10,36.82536664,1,993
m601,15,35.46461175,1,994
m601,20,34.2557317,1,995
m601,25,33.11875607,1,996
m601,30,31.75827491,1,997
m601,35,30.83435704,1,998
m601,40,31.3780453,1,999
m601,45,28.43096411,1,1000
m650,0,45,0,1001
m650,5,48.56249492,1,1002
m650,10,50.96899763,1,1003
m650,15,53.14955933,1,1004
m650,20,56.7779388,2,1005
m650,25,62.2535969,2,1006
m650,30,64.90188755,3,1007
m650,35,69.26574681,4,1008
m650,40,70.79706787,4,1009
m650,45,73.90139912,4,1010
m756,0,45,0,1011
m756,5,47.01036401,1,1012
m957,0,45,0,1013
m957,5,45.62238149,1,1014
m957,10,46.4145177,1,1015
m957,15,39.80445341,1,1016
m957,20,38.90934919,1,1017
m957,25,37.69543154,1,1018
m957,30,38.21247939,1,1019
m957,35,32.56283914,1,1020
m957,40,32.94761484,1,1021
m957,45,33.32909778,1,1022
n304,0,45,0,1023
n304,5,46.43121629,0,1024
n304,10,47.20125097,0,1025
n304,15,48.47797895,0,1026
n304,20,49.25330863,1,1027
n304,25,53.97085924,2,1028
n304,30,55.03901985,3,1029
n304,35,57.12241926,4,1030
n304,40,59.83050667,4,1031
n304,45,63.58639514,4,1032
n364,0,45,0,1033
n364,5,45.52187471,0,1034
n364,10,40.3751382,0,1035
n364,15,36.94027399,0,1036
n364,20,37.4788685,0,1037
n364,25,33.20500824,0,1038
n364,30,33.817758,0,1039
n364,35,34.48752204,1,1040
n364,40,34.95473311,1,1041
n364,45,31.09533505,1,1042
n482,0,45,0,1043
n630,0,45,0,1044
n630,5,46.09909969,0,1045
n671,0,45,0,1046
n671,5,47.35388938,0,1047
n671,10,51.03935653,0,1048
n671,15,54.21606411,0,1049
n671,20,54.82252091,0,1050
n671,25,56.17445785,0,1051
n671,30,60.16518046,0,1052
n678,0,45,0,1053
n678,5,47.55428429,0,1054
n678,10,49.14570866,1,1055
n763,0,45,0,1056
n763,5,46.08598142,0,1057
n763,10,46.81731526,1,1058
n763,15,47.79809961,1,1059
n763,20,49.25812581,1,1060
n763,25,53.40587053,2,1061
n763,30,55.41365961,3,1062
n763,35,57.38241296,3,1063
n763,40,58.01114583,4,1064
n923,0,45,0,1065
n923,5,45.82488099,0,1066
n923,10,48.79194986,1,1067
n923,15,51.73870623,1,1068
n923,20,52.59920611,1,1069
n923,25,56.85546498,2,1070
n923,30,59.63256052,3,1071
n923,35,60.35629432,3,1072
n923,40,66.22960554,3,1073
n967,0,45,0,1074
n967,5,46.07719173,1,1075
n967,10,47.47172327,1,1076
n967,15,49.82500362,1,1077
o287,0,45,0,1078
o287,5,45.58680362,0,1079
o287,10,47.36020084,1,1080
o287,15,48.67945261,1,1081
o287,20,50.85614078,2,1082
o287,25,52.06848642,3,1083
o287,30,54.50300122,3,1084
o287,35,55.11829029,4,1085
o287,40,57.1971929,4,1086
o287,45,59.74190064,4,1087
o302,0,45,0,1088
o302,5,48.93701188,0,1089
o302,10,49.70144989,0,1090
o302,15,51.38148886,0,1091
o302,20,56.17761143,0,1092
o302,25,60.51710253,0,1093
o302,30,62.03059364,1,1094
o331,0,45,0,1095
o331,5,47.05966408,1,1096
o331,10,50.12845481,1,1097
o331,15,54.78976769,1,1098
o331,20,58.96572043,1,1099
o331,25,61.10230575,1,1100
o331,30,66.33066347,1,1101
o331,35,70.12623754,2,1102
o331,40,71.44774251,3,1103
o331,45,78.56701362,4,1104
o523,0,45,0,1105
o523,5,45.54470008,0,1106
o523,10,47.0810859,1,1107
o562,0,45,0,1108
o562,5,46.51495016,1,1109
o562,10,47.14767002,1,1110
o562,15,51.50508551,1,1111
o562,20,53.61686347,1,1112
o562,25,54.74273316,1,1113
o562,30,59.65352453,1,1114
o562,35,65.36076742,1,1115
o562,40,71.17246321,1,1116
o562,45,72.45542116,2,1117
o725,0,45,0,1118
o725,5,46.88982098,0,1119
o725,10,48.199452,0,1120
o725,15,50.01507902,1,1121
o795,0,45,0,1122
o795,5,46.76092721,1,1123
o795,10,51.1237037,1,1124
o795,15,55.88633793,2,1125
o795,20,60.61005916,3,1126
o795,25,65.74177723,4,1127
o795,30,68.21706974,4,1128
o795,35,69.08509415,4,1129
o795,40,70.26647887,4,1130
o795,45,73.05945435,4,1131
o809,0,45,0,1132
o809,5,46.87724316,0,1133
o809,10,48.6707318,0,1134
o809,15,49.68344504,1,1135
o809,20,50.33655288,1,1136
o809,25,52.31817407,1,1137
o809,30,54.8326288,1,1138
o809,35,55.62942846,1,1139
o813,0,45,0,1140
o813,5,45.69933088,0,1141
o848,0,45,0,1142
o926,0,45,0,1143
o926,5,46.76116373,0,1144
o926,10,47.56567364,1,1145
o926,15,48.25424839,1,1146
o926,20,51.82663825,2,1147
o926,25,54.76333852,3,1148
o926,30,56.91739838,3,1149
o926,35,58.59399318,3,1150
o926,40,59.90304448,3,1151
o926,45,62.32796606,4,1152
o973,0,45,0,1153
o973,5,46.71787727,0,1154
o973,10,48.24579043,0,1155
o973,15,49.87193582,0,1156
o973,20,51.9569931,1,1157
o973,25,53.17981471,1,1158
o973,30,57.76995952,1,1159
o973,35,60.24221931,1,1160
o973,40,64.48781246,2,1161
p136,0,45,0,1162
p136,5,49.27397096,0,1163
p136,10,50.90789028,0,1164
p136,15,51.99141616,1,1165
p136,20,54.91379857,1,1166
p136,25,56.28147652,1,1167
p136,30,57.05280546,1,1168
p136,35,57.63078195,1,1169
p136,40,61.38024887,1,1170
p136,45,63.48869678,2,1171
p189,0,45,0,1172
p189,5,49.04870704,1,1173
p189,10,51.58216168,2,1174
p189,15,53.6755415,2,1175
p189,20,56.53020447,3,1176
p189,25,62.10895956,3,1177
p189,30,67.10453665,4,1178
p189,35,67.87377675,4,1179
p189,40,74.10609077,4,1180
p189,45,75.2949359,4,1181
p310,0,45,0,1182
p310,5,46.55853236,1,1183
p310,10,48.66560668,1,1184
p310,15,49.77074144,1,1185
p310,20,54.20518054,1,1186
p310,25,55.34183416,2,1187
p387,0,45,0,1188
p387,5,48.66763075,0,1189
p387,10,53.36296294,0,1190
p387,15,55.25138033,0,1191
p387,20,56.5876168,0,1192
p387,25,58.09848946,0,1193
p387,30,63.26924552,0,1194
p387,35,66.4922038,1,1195
p387,40,69.03887618,1,1196
p438,0,45,0,1197
p438,5,46.82793418,0,1198
p438,10,50.51749789,0,1199
p438,15,52.19836818,0,1200
p438,20,52.90529861,0,1201
p438,25,54.51057493,0,1202
p438,30,56.40642173,0,1203
p438,35,57.53855546,1,1204
p438,40,59.30528806,1,1205
p438,45,61.43389223,1,1206
p981,0,45,0,1207
p981,5,47.00062717,0,1208
p981,10,47.54584585,0,1209
p981,15,49.65770973,0,1210
p981,20,50.35806947,0,1211
p981,25,52.5447048,1,1212
p981,30,56.33910432,1,1213
p981,35,59.13102297,1,1214
q119,0,45,0,1215
q119,5,47.86444,0,1216
q119,10,51.23660557,0,1217
q132,0,45,0,1218
q132,5,46.7163985,1,1219
q132,10,47.95384377,2,1220
q132,15,49.15974862,3,1221
q132,20,51.90902494,4,1222
q132,25,52.7804893,4,1223
q132,30,54.65654872,4,1224
q483,0,45,0,1225
q483,5,46.77681624,1,1226
q483,10,47.8391005,1,1227
q483,15,48.4684826,1,1228
q483,20,50.2398558,1,1229
q483,25,52.43006649,1,1230
q483,30,54.95222585,1,1231
q483,35,59.25348433,1,1232
q483,40,64.19234114,1,1233
q511,0,45,0,1234
q511,5,45.83265378,0,1235
q511,10,50.31164687,0,1236
q511,15,52.13308139,0,1237
q511,20,52.67271205,0,1238
q511,25,57.25758287,0,1239
q511,30,59.3643535,1,1240
q511,35,60.83866059,1,1241
q511,40,63.19442807,2,1242
q511,45,68.61106075,3,1243
q582,0,45,0,1244
q582,5,45.95539895,1,1245
q582,10,47.01357514,1,1246
q582,15,48.32264018,2,1247
q582,20,51.18597648,2,1248
q582,25,51.96821056,2,1249
q582,30,52.6488935,2,1250
q582,35,53.71315792,2,1251
q597,0,45,0,1252
q597,5,45.76611104,0,1253
q597,10,42.53798598,0,1254
q597,15,41.39566036,0,1255
q597,20,41.9255866,0,1256
q597,25,42.57570709,1,1257
q597,30,43.33916123,1,1258
q597,35,43.80720142,1,1259
q597,40,44.47182121,2,1260
q597,45,45.22086888,2,1261
q610,0,45,0,1262
q610,5,45.62949421,0,1263
q610,10,44.99148471,0,1264
q610,15,45.88902756,0,1265
q610,20,46.58543347,0,1266
q610,25,40.14645019,0,1267
q610,30,40.66834256,1,1268
q610,35,36.56165229,2,1269
q633,0,45,0,1270
q633,5,47.18380215,0,1271
q633,10,49.00186559,0,1272
q633,15,50.5835573,1,1273
q633,20,53.28728681,1,1274
q633,25,55.6831017,1,1275
q633,30,58.05725257,1,1276
q633,35,63.1256593,1,1277
q633,40,68.49863876,2,1278
q633,45,70.82779631,2,1279
q787,0,45,0,1280
q787,5,47.11661587,0,1281
q787,10,48.59386234,1,1282
q787,15,49.21773243,2,1283
q787,20,50.22993419,2,1284
q787,25,52.71318786,2,1285
q787,30,55.03620625,2,1286
q787,35,60.33385242,3,1287
q787,40,62.0341267,3,1288
q787,45,66.09647477,3,1289
r107,0,45,0,1290
r107,5,48.51342027,0,1291
r107,10,49.18601052,0,1292
r107,15,53.09033546,0,1293
r107,20,55.2638584,0,1294
r107,25,57.70666715,1,1295
r107,30,58.40647256,1,1296
r157,0,45,0,1297
r157,5,45.59706359,0,1298
r157,10,46.05960827,0,1299
r157,15,46.53920617,0,1300
r554,0,45,0,1301
r554,5,45.78174579,1,1302
r554,10,39.0054935,2,1303
r554,15,35.46375763,2,1304
r554,20,36.01558858,2,1305
r554,25,33.89334515,3,1306
r554,30,32.68065459,3,1307
r554,35,33.06933705,3,1308
r554,40,31.80484133,3,1309
r554,45,32.37735684,3,1310
r604,0,45,0,1311
r604,5,47.06774448,1,1312
r604,10,48.78655957,1,1313
r604,15,51.07452073,1,1314
r604,20,51.90275292,1,1315
r604,25,52.93685812,1,1316
r604,30,54.68821536,2,1317
r604,35,59.21700015,2,1318
r604,40,60.18611531,2,1319
r604,45,62.67075904,3,1320
r701,0,45,0,1321
r701,5,46.88697137,0,1322
r701,10,49.65459636,0,1323
r701,15,52.48480443,0,1324
r701,20,54.11413742,0,1325
r701,25,57.89848998,1,1326
r701,30,60.34181872,1,1327
r701,35,64.73001045,1,1328
r701,40,66.64072178,1,1329
r701,45,69.77854407,1,1330
r811,0,45,0,1331
r811,5,45.62580225,0,1332
r811,10,39.453903,0,1333
r811,15,40.02229235,0,1334
r811,20,40.7728027,0,1335
r811,25,37.61401068,0,1336
r811,30,38.24206639,0,1337
r811,35,36.00302016,1,1338
r811,40,36.5200329,1,1339
r811,45,37.22565033,1,1340
r850,0,45,0,1341
r850,5,46.86291194,0,1342
r850,10,48.51509085,1,1343
r850,15,50.21860469,1,1344
r921,0,45,0,1345
r921,5,45.56821083,0,1346
r921,10,42.71192694,0,1347
r921,15,43.52726054,0,1348
r921,20,44.13631588,0,1349
r921,25,42.65534089,1,1350
r921,30,43.41938077,1,1351
r944,0,45,0,1352
r944,5,45.73714484,0,1353
r944,10,46.54429202,0,1354
r944,15,47.37342325,0,1355
r944,20,43.22567119,1,1356
r944,25,41.08699106,1,1357
r944,30,41.68079111,1,1358
r944,35,40.40176542,2,1359
r944,40,41.0420449,2,1360
r944,45,41.58152074,2,1361
s121,0,45,0,1362
s121,5,45.63566174,1,1363
s121,10,49.04883479,1,1364
s121,15,50.82456031,2,1365
s121,20,52.0050659,2,1366
s121,25,55.65068132,2,1367
s141,0,45,0,1368
s141,5,45.83113434,0,1369
s141,10,47.23569156,0,1370
s141,15,49.23234538,1,1371
s141,20,51.6216457,1,1372
s141,25,53.80437038,1,1373
s141,30,55.84141007,1,1374
s152,0,45,0,1375
s152,5,47.4590529,1,1376
s152,10,52.1816442,2,1377
s152,15,57.22498064,2,1378
s152,20,62.35160945,2,1379
s152,25,64.11914213,2,1380
s166,0,45,0,1381
s166,5,47.18678778,0,1382
s166,10,49.00012468,0,1383
s185,0,45,0,1384
s185,5,43.87849569,0,1385
s185,10,37.61494768,0,1386
s185,15,38.17723195,0,1387
s185,20,36.86687576,0,1388
s185,25,33.94994037,0,1389
s185,30,32.95967078,1,1390
s185,35,28.32853059,1,1391
s185,40,25.47214326,1,1392
s185,45,23.34359787,1,1393
s187,0,45,0,1394
s187,5,47.57671761,1,1395
s187,10,48.14635121,1,1396
s187,15,52.08163225,1,1397
s187,20,53.74473406,1,1398
s187,25,56.48521984,1,1399
s187,30,60.00878263,2,1400
s337,0,45,0,1401
s337,5,46.84985157,0,1402
s337,10,47.8944415,0,1403
s337,15,48.57151582,0,1404
s337,20,49.20205408,1,1405
s337,25,50.9706889,2,1406
s337,30,52.74771768,3,1407
s337,35,54.81081251,3,1408
s337,40,56.99481589,4,1409
s337,45,62.10965102,4,1410
s508,0,45,0,1411
s508,5,38.71187185,0,1412
s508,10,34.8509979,0,1413
s508,15,35.27690634,0,1414
s508,20,35.92865083,0,1415
s508,25,36.33856894,0,1416
s508,30,35.47402235,0,1417
s508,35,35.8461407,0,1418
s508,40,32.79817119,0,1419
s508,45,30.27623175,0,1420
s565,0,45,0,1421
s565,5,48.24255218,0,1422
s565,10,52.7775271,0,1423
s565,15,54.32831664,1,1424
s565,20,57.04618912,1,1425
s565,25,58.55361079,1,1426
s565,30,63.66896678,1,1427
s565,35,64.77657909,2,1428
s565,40,67.22100698,2,1429
s565,45,72.58896447,2,1430
s619,0,45,0,1431
s619,5,46.60226878,0,1432
s710,0,45,0,1433
s710,5,43.1809774,0,1434
s710,10,43.68802627,0,1435
s710,15,41.84523536,0,1436
s710,20,42.62996266,1,1437
s710,25,43.06040875,1,1438
s710,30,43.57170323,1,1439
s710,35,44.16051879,1,1440
s710,40,40.17192011,1,1441
s710,45,40.72857787,1,1442
t198,0,45,0,1443
t198,5,47.46126052,0,1444
t198,10,49.00080978,1,1445
t198,15,49.7811808,2,1446
t198,20,51.49073998,3,1447
t198,25,56.18466399,3,1448
t198,30,56.92497431,3,1449
t198,35,57.73594116,3,1450
t198,40,59.12995997,4,1451
t198,45,64.91136268,4,1452
t451,0,45,0,1453
t451,5,48.04713882,0,1454
t451,10,48.95791906,0,1455
t451,15,49.65278772,0,1456
t451,20,51.06367793,0,1457
t451,25,55.52755345,0,1458
t451,30,59.27582268,0,1459
t451,35,63.75698964,0,1460
t451,40,67.65479599,1,1461
t451,45,68.7116302,1,1462
t565,0,45,0,1463
t565,5,45.8956472,0,1464
t565,10,46.74900552,0,1465
t565,15,44.44094861,0,1466
t565,20,39.0702138,0,1467
t565,25,37.34220976,0,1468
t565,30,32.86891617,0,1469
t565,35,33.51567063,0,1470
t565,40,33.94934131,0,1471
t565,45,34.45529799,0,1472
t573,0,45,0,1473
t718,0,45,0,1474
t718,5,45.92125272,1,1475
t718,10,46.39268805,1,1476
t718,15,48.08512552,1,1477
t718,20,52.6367,2,1478
t718,25,55.87658787,3,1479
t718,30,57.70411372,3,1480
t718,35,60.46389851,3,1481
t718,40,61.5303989,3,1482
t718,45,63.42369517,4,1483
t724,0,45,0,1484
t724,5,46.35925829,0,1485
t724,10,50.70389965,0,1486
t724,15,55.58461724,0,1487
t724,20,57.22940914,0,1488
t724,25,59.82606797,1,1489
t724,30,64.2345947,2,1490
t724,35,67.74432795,2,1491
t724,40,69.72832559,2,1492
t724,45,75.11328801,2,1493
t994,0,45,0,1494
t994,5,47.8914871,0,1495
t994,10,52.6141635,1,1496
t994,15,53.45863887,1,1497
t994,20,56.52795159,1,1498
u149,0,45,0,1499
u149,5,45.79206792,0,1500
u149,10,47.40483439,0,1501
u149,15,48.52237343,0,1502
u149,20,50.37805789,0,1503
u149,25,52.92534846,0,1504
u153,0,45,0,1505
u196,0,45,0,1506
u196,5,45.55746444,1,1507
u196,10,46.42294306,1,1508
u196,15,47.22717065,1,1509
u196,20,46.10536303,1,1510
u196,25,46.7053254,1,1511
u196,30,47.62281636,2,1512
u196,35,47.00146542,2,1513
u196,40,43.45368679,2,1514
u196,45,40.66771292,3,1515
u327,0,45,0,1516
u327,5,45.69418805,0,1517
u327,10,49.23525948,0,1518
u327,15,50.65996437,0,1519
u327,20,53.18987907,0,1520
u327,25,56.05963409,0,1521
u327,30,57.31407239,0,1522
u327,35,58.08902837,1,1523
u327,40,60.46654541,1,1524
u327,45,66.26880133,2,1525
u364,0,45,0,1526
u364,5,45.76088647,1,1527
u364,10,46.56841719,2,1528
u364,15,47.21219992,2,1529
u364,20,40.34394812,2,1530
u364,25,35.50361557,2,1531
u364,30,35.9783344,2,1532
u364,35,35.45948978,2,1533
u364,40,36.02413752,2,1534
u364,45,31.02392294,3,1535
u946,0,45,0,1536
u946,5,45.9918078,1,1537
u946,10,46.73050592,1,1538
u946,15,47.67302921,1,1539
u946,20,49.11004966,1,1540
v199,0,45,0,1541
v289,0,45,0,1542
v289,5,46.20446003,0,1543
v289,10,48.13348207,0,1544
v289,15,52.60216564,0,1545
v289,20,54.25005397,0,1546
v289,25,56.72009545,0,1547
v295,0,45,0,1548
v295,5,46.11181797,1,1549
v295,10,47.53946216,2,1550
v295,15,50.66605391,2,1551
v295,20,55.73137535,3,1552
v295,25,57.69185918,3,1553
v295,30,59.33377202,3,1554
v295,35,61.89315267,3,1555
v295,40,65.46607444,3,1556
v339,0,45,0,1557
v339,5,46.25011212,0,1558
v409,0,45,0,1559
v409,5,46.22079642,0,1560
v409,10,50.64903842,1,1561
v603,0,45,0,1562
v603,5,46.01600593,0,1563
v603,10,47.8305568,0,1564
v603,15,52.10294744,0,1565
v603,20,53.72124193,0,1566
v603,25,56.07523001,1,1567
v603,30,57.99055378,1,1568
v603,35,63.18943184,1,1569
v719,0,45,0,1570
v719,5,47.18836325,0,1571
v719,10,51.49705412,1,1572
v719,15,52.60910758,1,1573
v719,20,54.04860769,1,1574
v764,0,45,0,1575
v764,5,47.05418474,0,1576
v764,10,48.18900062,1,1577
v764,15,49.41262418,2,1578
v766,0,45,0,1579
v766,5,48.15125091,1,1580
v766,10,50.36310988,1,1581
v766,15,51.54243058,1,1582
v835,0,45,0,1583
v835,5,47.15601071,0,1584
v835,10,48.96591797,0,1585
v835,15,50.54520646,1,1586
v835,20,51.29654266,2,1587
v923,0,45,0,1588
v923,5,45.70443431,0,1589
v923,10,39.84822328,0,1590
v923,15,40.45798877,0,1591
v923,20,39.64829568,0,1592
v923,25,40.15641269,1,1593
v923,30,40.75221626,2,1594
v923,35,41.43924156,2,1595
v923,40,42.1510148,2,1596
v923,45,40.65812366,2,1597
v989,0,45,0,1598
v989,5,48.85813451,0,1599
v989,10,52.61468889,1,1600
v991,0,45,0,1601
v991,5,49.21432799,1,1602
v991,10,52.6449057,1,1603
v991,15,54.588591,1,1604
v991,20,57.74069459,2,1605
v991,25,60.01674733,2,1606
v991,30,62.74364308,3,1607
v991,35,63.89531294,4,1608
v991,40,64.8511286,4,1609
v991,45,70.16774899,4,1610
w140,0,45,0,1611
w140,5,47.71795156,0,1612
w150,0,45,0,1613
w150,5,39.20212894,0,1614
w150,10,39.95234669,0,1615
w151,0,45,0,1616
w151,5,45.54607595,1,1617
w151,10,46.50147609,1,1618
w151,15,47.24292865,1,1619
w151,20,49.55426295,2,1620
w151,25,51.8690587,2,1621
w151,30,56.76715821,2,1622
w151,35,58.33914095,2,1623
w151,40,62.18795039,2,1624
w151,45,67.52748237,3,1625
w167,0,45,0,1626
w167,5,48.78627194,0,1627
w167,10,51.82640965,0,1628
w167,15,53.90048909,0,1629
w167,20,57.54815669,0,1630
w167,25,61.86857673,0,1631
w167,30,67.19787186,0,1632
w167,35,68.13428817,0,1633
w193,0,45,0,1634
w193,5,45.49385802,0,1635
w193,10,48.34655046,0,1636
w193,15,49.38557373,0,1637
w193,20,50.00513807,0,1638
w350,0,45,0,1639
w350,5,48.23211311,0,1640
w350,10,48.89955238,0,1641
w350,15,50.8546323,1,1642
w350,20,52.13232061,1,1643
w350,25,52.80591518,1,1644
w350,30,55.87990896,1,1645
w350,35,56.68355758,1,1646
w350,40,62.32434769,2,1647
w350,45,64.95756185,2,1648
w422,0,45,0,1649
w422,5,48.45745927,0,1650
w422,10,49.93597024,0,1651
w422,15,52.24630985,0,1652
w422,20,53.67624336,1,1653
w422,25,56.95791715,2,1654
w422,30,60.09663467,3,1655
w422,35,61.40961994,4,1656
w422,40,63.07258467,4,1657
w422,45,67.98953001,4,1658
w540,0,45,0,1659
w540,5,45.88537038,1,1660
w540,10,47.45906658,1,1661
w540,15,48.25014636,2,1662
w540,20,50.67272745,2,1663
w540,25,52.60026955,2,1664
w575,0,45,0,1665
w575,5,48.91385977,1,1666
w575,10,50.13595547,1,1667
w575,15,50.86745176,1,1668
w575,20,55.5918155,1,1669
w575,25,58.58732169,1,1670
w575,30,60.15306524,1,1671
w575,35,63.68644503,2,1672
w575,40,64.93840621,3,1673
w575,45,68.40128593,3,1674
w584,0,45,0,1675
w584,5,46.05193075,0,1676
w584,10,47.29850794,0,1677
w584,15,51.26543971,0,1678
w584,20,53.32350743,1,1679
w584,25,55.65083791,1,1680
w584,30,58.26844248,1,1681
w678,0,45,0,1682
w678,5,43.16637266,0,1683
w697,0,45,0,1684
w697,5,48.30182261,1,1685
w697,10,48.925056,2,1686
w697,15,52.65726519,2,1687
w697,20,54.22809098,3,1688
w697,25,57.6103943,3,1689
w697,30,60.72063591,3,1690
w697,35,63.68904216,3,1691
w746,0,45,0,1692
w746,5,49.45327005,0,1693
w914,0,45,0,1694
w914,5,45.89372032,0,1695
w914,10,43.23196275,0,1696
w914,15,43.68844893,0,1697
w914,20,41.10809233,0,1698
w914,25,40.29191661,0,1699
w914,30,40.99311013,0,1700
w914,35,41.66491577,1,1701
w914,40,35.61130861,2,1702
w914,45,36.04104736,2,1703
x111,0,45,0,1704
x111,5,46.94101498,1,1705
x111,10,49.12296898,1,1706
x209,0,45,0,1707
x209,5,46.75426887,0,1708
x209,10,48.92989543,0,1709
x226,0,45,0,1710
x264,0,45,0,1711
x264,5,47.0384145,0,1712
x264,10,47.88712765,1,1713
x264,15,50.00231403,1,1714
x264,20,53.07426973,1,1715
x264,25,56.89105283,2,1716
x264,30,58.15869423,3,1717
x264,35,61.29960778,4,1718
x264,40,63.28328821,4,1719
x336,0,45,0,1720
x401,0,45,0,1721
x401,5,45.47375302,0,1722
x401,10,39.11389068,0,1723
x401,15,39.77625003,0,1724
x401,20,36.06583471,0,1725
x401,25,36.61712031,0,1726
x401,30,32.91529186,0,1727
x401,35,30.20682488,0,1728
x401,40,28.16739732,0,1729
x401,45,28.48403281,0,1730
x402,0,45,0,1731
x402,5,46.32757027,1,1732
x402,10,46.88696249,1,1733
x402,15,49.1199478,1,1734
x402,20,50.41475041,2,1735
x402,25,52.43173664,2,1736
x402,30,54.35158463,3,1737
x402,35,55.24096223,3,1738
x402,40,56.69172294,3,1739
x402,45,61.61960615,3,1740
x581,0,45,0,1741
x581,5,47.1969266,0,1742
x581,10,49.06702788,1,1743
x581,15,49.74642744,2,1744
x581,20,51.20796943,3,1745
x581,25,51.93528318,3,1746
x581,30,55.49282602,3,1747
x581,35,58.07758293,3,1748
x581,40,60.28040549,3,1749
x581,45,64.63494887,3,1750
x613,0,45,0,1751
x613,5,46.09704058,0,1752
x613,10,46.8181759,0,1753
x613,15,48.0776464,0,1754
x773,0,45,0,1755
x773,5,45.8508307,1,1756
x773,10,47.18920597,2,1757
x773,15,47.67123558,3,1758
x773,20,49.7397129,3,1759
x773,25,51.10442109,3,1760
x773,30,52.81311518,4,1761
x773,35,55.19273639,4,1762
x773,40,55.98767551,4,1763
x773,45,58.63497149,4,1764
x822,0,45,0,1765
x822,5,45.67110442,1,1766
x822,10,48.98371668,1,1767
x822,15,49.69466533,1,1768
x822,20,51.91490968,2,1769
x822,25,54.04133326,2,1770
x822,30,55.44515483,2,1771
x822,35,56.79656665,2,1772
x822,40,59.55568466,2,1773
x822,45,61.38666032,3,1774
x930,0,45,0,1775
x930,5,46.07823375,0,1776
x930,10,50.26069441,0,1777
x930,15,51.97376864,0,1778
x930,20,52.55606575,0,1779
x930,25,53.7261013,0,1780
y163,0,45,0,1781
y163,5,48.28497016,0,1782
y163,10,49.1123991,1,1783
y163,15,51.52306843,1,1784
y163,20,54.57107607,1,1785
y163,25,56.17638452,1,1786
y163,30,59.41253724,2,1787
y163,35,61.73019562,2,1788
y163,40,63.62067958,2,1789
y163,45,67.68556862,3,1790
y260,0,45,0,1791
y260,5,46.79983867,0,1792
y260,10,48.08180678,1,1793
y260,15,50.19615224,2,1794
y260,20,50.72958174,3,1795
y260,25,54.43756172,4,1796
y260,30,58.58267634,4,1797
y260,35,59.60355821,4,1798
y260,40,60.91417627,4,1799
y260,45,62.90944062,4,1800
y449,0,45,0,1801
y449,5,45.87754494,0,1802
y449,10,46.37809248,0,1803
y449,15,44.18345092,0,1804
y478,0,45,0,1805
y478,5,48.64107818,1,1806
y478,10,52.28893409,1,1807
y478,15,53.61040585,1,1808
y478,20,56.84885016,1,1809
y478,25,57.82697598,1,1810
y478,30,59.37461452,1,1811
y478,35,61.88802678,1,1812
y478,40,65.97112017,1,1813
y478,45,66.84263453,1,1814
y601,0,45,0,1815
y601,5,48.47500273,1,1816
y769,0,45,0,1817
y769,5,46.42265176,1,1818
y769,10,48.01516261,1,1819
y769,15,52.76102114,2,1820
y769,20,55.02572434,2,1821
y769,25,58.33595901,3,1822
y769,30,61.07194886,3,1823
y769,35,63.43063221,3,1824
y769,40,64.25102761,4,1825
y769,45,68.59474498,4,1826
y793,0,45,0,1827
y793,5,41.01991315,0,1828
y793,10,41.63001026,1,1829
y793,15,42.28366512,1,1830
y793,20,40.71642815,2,1831
y793,25,38.9927339,2,1832
y793,30,35.72602314,2,1833
y793,35,36.3278696,2,1834
y793,40,31.47541076,2,1835
y793,45,31.8962384,2,1836
y865,0,45,0,1837
y865,5,46.73500592,1,1838
y865,10,49.52273955,1,1839
y865,15,50.80651856,1,1840
y865,20,52.36198241,1,1841
y865,25,57.17353846,2,1842
y865,30,59.0332753,3,1843
y865,35,61.15313991,3,1844
y865,40,63.46954946,3,1845
y865,45,64.72983655,3,1846
z234,0,45,0,1847
z234,5,46.12935706,1,1848
z314,0,45,0,1849
z314,5,45.93471217,0,1850
z435,0,45,0,1851
z435,5,47.11597963,0,1852
z435,10,48.71066147,0,1853
z578,0,45,0,1854
z578,5,42.18878662,0,1855
z578,10,42.95211843,0,1856
z578,15,38.68851607,0,1857
z578,20,36.89001635,0,1858
z578,25,37.41411419,0,1859
z578,30,37.81593487,0,1860
z578,35,38.50482444,0,1861
z578,40,34.02209336,0,1862
z578,45,30.63869575,0,1863
z581,0,45,0,1864
z581,5,49.27309187,1,1865
z581,10,50.47875016,2,1866
z581,15,51.1963042,2,1867
z581,20,51.80794416,2,1868
z581,25,54.31640682,2,1869
z581,30,56.28674991,2,1870
z581,35,58.62839878,3,1871
z581,40,60.05373963,3,1872
z581,45,62.75445141,3,1873
z795,0,45,0,1874
z795,5,46.83347493,0,1875
z795,10,48.0308039,0,1876
z795,15,49.36813189,1,1877
z795,20,53.28065717,1,1878
z795,25,57.94709984,2,1879
z795,30,59.7896359,2,1880
z795,35,60.43565416,2,1881
z795,40,62.37663884,3,1882
z795,45,65.74107029,3,1883
z969,0,45,0,1884
z969,5,49.33299873,0,1885
z969,10,52.65608148,1,1886
z969,15,54.71300452,2,1887
z969,20,57.89877823,2,1888
z969,25,63.14565213,2,1889
z969,30,65.84101274,3,1890
z969,35,69.17624607,4,1891
z969,40,70.31490411,4,1892
z969,45,73.86784476,4,1893
